PassengerClass,SurvivalRate
1,0.62963
2,0.472826
3,0.242363
